"participant_id","session","age","sex","study.group","dataset","GPe","GPi","NAC","Ca","Pu","VTA","RN","SNr","SNc","PBP","VeP","STH","Pallidum_Total","SN_Total","VTA_Total","Subcortex_Total","Overall_Efficiency","SocialCog_Efficiency","Memory_Efficiency","Executive_Efficiency","Complex_Efficiency","med_any_psych","med_stimulant","med_antidepressant","med_any_ap","med_mood_stab","med_anxiolytic","iron_supplement"
"sub-0001","ses-01",24.6,"Male","PS","MOTIVE",0.107236,0.098811,0.001506,0.011851,-0.005863,-0.008029,0.036405,0.065986,0.032117,0.000705,0.08269,0.005037,0.102954,0.055849,-0.001617,0.015422,0.534784366,0.325435264,-0.248511531,0.38963632,0.655281198,0,0,0,0,0,0,0
"sub-0001","ses-02",26.5,"Male","PS","MOTIVE",0.107401,0.103841,-0.008591,0.017233,-0.002878,-0.02328,0.040302,0.076054,0.033056,-0.002275,0.097841,0.023413,0.10564,0.063633,-0.007959,0.019112,0.53269133,-0.192119559,0.058060939,1.235001299,0.770242,0,0,0,0,0,0,0
"sub-0002","ses-01",12.62,"Female","PS","EF",0.063497,0.056086,-0.012457,-0.003425,-0.023914,-0.025225,-0.007333,0.037213,-0.008627,-0.02345,0.051649,-0.015207,0.060307,0.023493,-0.023922,-0.005214,NA,NA,NA,NA,NA,NA,NA,NA,NA,NA,NA,NA
"sub-0002","ses-02",14.74,"Female","PS","EF",0.065723,0.071508,-0.01194,-0.003525,-0.021735,-0.023567,-0.00638,0.041789,-0.002734,-0.018324,0.056545,-0.0067,0.067125,0.028564,-0.020496,-0.003276,NA,NA,NA,NA,NA,NA,NA,NA,NA,NA,NA,NA
"sub-0003","ses-01",12.74,"Female","TD","EF",0.056597,0.048377,-0.034314,-0.027066,-0.024591,-0.022587,0.004839,0.019824,0.010875,-0.008279,0.02045,0.000484,0.051698,0.017267,-0.012237,-0.015328,-0.118242716,0.139814336,-0.483085921,-0.823724467,-0.324184831,NA,NA,NA,NA,NA,NA,NA
"sub-0003","ses-02",14.5,"Female","TD","EF",0.078742,0.082178,-0.009483,-0.004382,-0.01597,-0.01033,0.01704,0.048826,0.02732,0.001949,0.0525,0.013478,0.078346,0.043777,-0.001404,0.001539,0.620598822,1.129064693,0.176509393,-1.076650377,0.296603497,NA,NA,NA,NA,NA,NA,NA
"sub-0004","ses-01",16.31,"Female","PS","EF",0.076718,0.0736,-0.005521,0.003868,-6e-04,0.004321,0.035679,0.057981,0.04189,0.0151,0.038449,0.036676,0.073409,0.054706,0.012887,0.011858,0.923042455,0.858276516,1.004487315,0.047844549,0.635737862,NA,NA,NA,NA,NA,NA,NA
"sub-0004","ses-02",17.86,"Female","PS","EF",0.078466,0.073154,0.00033,0.009524,-0.001848,-0.014925,0.020007,0.068576,0.043406,0.002705,0.040319,0.032447,0.074427,0.061476,-0.002007,0.01338,0.875949156,1.26991822,0.159090503,0.471666345,0.870257897,NA,NA,NA,NA,NA,NA,NA
"sub-0005","ses-01",30.3333333333333,"Male","PS","MOTIVE",0.090542,0.071434,0.012289,0.019733,0.014648,-0.01462,0.030628,0.052651,0.038782,0.002908,0.06178,0.019394,0.082421,0.0485,-0.001845,0.024924,0.748273989,0.167111531,0.865136192,0.89548814,0.786336512,0,0,0,0,0,0,0
"sub-0006","ses-01",21.4,"Male","PS","MOTIVE",0.11711,0.099385,0.003391,0.016868,0.013085,0.002291,0.046411,0.066028,0.068408,0.011316,0.061489,0.020337,0.107867,0.067453,0.008917,0.02669,0.574552041,0.836438759,0.908102788,-0.071782571,0.094272487,0,0,0,0,0,0,0
"sub-0007","ses-01",20.8,"Male","PS","MOTIVE",0.066026,0.04961,0.023479,0.002304,0.004088,-0.020676,0.034544,0.034235,0.044206,0.004618,0.073451,0.011494,0.060949,0.037219,-0.002218,0.011858,1.075834048,0.438991596,1.093904285,0.82599048,1.419770529,0,0,0,0,0,0,0
"sub-0007","ses-02",22.8333333333333,"Male","PS","MOTIVE",0.063541,0.055259,0.023552,0.00875,0.009652,0.006904,0.058137,0.05275,0.056791,0.010315,0.086357,0.022583,0.062106,0.055524,0.00978,0.018065,1.698512115,1.490479558,1.902140798,1.111956262,1.364589344,0,0,0,0,0,0,0
"sub-0008","ses-01",17.26,"Male","TD","EF",0.073981,0.062148,0.001912,0.006742,-0.010909,-0.029494,0.001157,0.032667,0.009676,-0.01586,0.063515,-0.002916,0.069386,0.025877,-0.019484,0.005829,1.292463224,0.901952028,1.50150632,0.884095081,1.476101322,NA,NA,NA,NA,NA,NA,NA
"sub-0009","ses-01",20.2,"Male","PS","MOTIVE",0.083386,0.071996,-0.005791,0.015544,-0.005492,0.008272,0.007411,0.081245,0.058449,0.007092,0.050043,0.017605,0.077588,0.07495,0.007906,0.014255,1.139671631,1.333247713,1.147322216,0.502427604,1.356542088,0,0,0,0,0,0,0
"sub-0009","ses-02",22.1666666666667,"Male","PS","MOTIVE",0.090589,0.086917,-0.008188,0.020358,0.002504,-0.014719,0.019264,0.097451,0.045316,0.007632,0.058418,0.032342,0.087454,0.08422,0.001758,0.020996,1.368859021,1.518868641,1.30293097,1.282852147,1.581865259,0,0,0,0,0,0,0
"sub-0010","ses-01",11.88,"Male","PS","EF",0.073662,0.071355,-0.01315,-0.003971,-0.016229,-0.009643,0.002041,0.064081,0.02886,-0.001633,0.024148,-0.008635,0.069961,0.05354,-0.00386,0.00032,-0.433244562,-0.086206441,-0.789658392,-1.214506392,-0.398909352,1,1,1,1,1,0,0
"sub-0011","ses-01",22.8,"Female","PS","MOTIVE",0.109663,0.101547,0.007927,0.030582,0.025798,0.014369,0.047196,0.082064,0.057157,0.014728,0.058568,0.028609,0.103916,0.074609,0.014633,0.037198,NA,NA,NA,NA,NA,0,0,0,0,0,0,0
"sub-0011","ses-02",24.8333333333333,"Female","PS","MOTIVE",0.095252,0.091133,-0.008816,0.017653,0.012597,0.005284,0.030515,0.06564,0.055059,0.007241,0.046825,0.008664,0.091006,0.062473,0.006721,0.023935,0.596528914,1.029702902,-0.127740558,0.537746087,0.749549056,0,0,0,0,0,0,0
"sub-0012","ses-01",21.2,"Female","TD","MOTIVE",0.12167,0.11089,-0.013548,-0.001105,-0.004396,-0.00684,0.040795,0.083159,0.038125,-0.00229,0.07732,0.00376,0.115427,0.069927,-0.0035,0.012681,NA,NA,NA,NA,NA,0,0,0,0,0,0,0
"sub-0012","ses-02",23.25,"Female","TD","MOTIVE",0.119812,0.103875,-0.010936,0.010467,0.000406,-0.009246,0.010748,0.079162,0.025144,-0.020008,0.082132,-0.002206,0.11223,0.063441,-0.017367,0.017521,1.818861657,1.137799795,2.053104514,1.391086208,2.042858074,0,0,0,0,0,0,0
"sub-0013","ses-01",23.6666666666667,"Female","TD","MOTIVE",0.0971,0.102107,-0.005537,0.007314,-0.000825,-0.00035,0.03098,0.077864,0.045827,0.005465,0.078686,0.018097,0.097694,0.068275,0.004074,0.015634,1.43897571,1.312501845,0.985907165,1.476534151,1.451959554,0,0,0,0,0,0,0
"sub-0014","ses-01",18.7,"Male","PS","MOTIVE",0.097446,0.07685,1.5e-05,0.009765,0.003052,-0.023679,0.035014,0.073997,0.059106,-0.00019,0.06312,0.029026,0.088496,0.070786,-0.006434,0.01755,NA,NA,NA,NA,NA,0,0,0,0,0,0,0
"sub-0015","ses-01",17,"Male","TD","MOTIVE",0.093002,0.114897,-0.013012,0.001196,-0.017861,-0.008855,0.002104,0.067942,0.033473,-0.021001,0.044947,-0.000621,0.09752,0.059296,-0.018474,0.004495,0.960717094,0.937984326,0.774557962,0.693830996,0.685171007,0,0,0,0,0,0,0
"sub-0016","ses-01",19.1,"Male","PS","MOTIVE",0.046979,0.048044,-0.003373,0.015068,0.0046,-0.002996,0.031332,0.04594,0.050384,-2.1e-05,0.039138,0.011467,0.046873,0.048117,-0.000844,0.0147,0.875949156,0.644266505,1.619954774,0.470527039,0.441454107,0,0,0,0,0,0,0
"sub-0016","ses-02",20.75,"Male","PS","MOTIVE",0.098829,0.098918,0.015095,0.033009,0.02433,0.011555,0.049875,0.070548,0.06402,0.016615,0.070776,0.027264,0.097201,0.069326,0.015466,0.03686,1.209788321,1.042805556,2.003170362,0.777000326,1.145014213,0,0,0,0,0,0,0
"sub-0017","ses-01",22.6,"Male","PS","MOTIVE",0.075479,0.064876,-0.009627,0.007704,-0.004145,-0.01547,0.034437,0.064466,0.049549,0.013888,0.067286,0.019207,0.071432,0.060001,0.006324,0.011351,0.978507896,0.6267963,1.133387103,1.413872326,1.120872445,1,0,0,0,0,0,0
"sub-0017","ses-02",24.5833333333333,"Male","PS","MOTIVE",0.097662,0.088698,-0.010263,0.028457,0.007841,-0.001261,0.037531,0.092272,0.064368,0.014599,0.081802,0.041617,0.093712,0.084217,0.011236,0.027482,0.668738639,0.732709417,0.857007376,1.018533178,0.429958027,1,0,0,0,0,0,0
"sub-0018","ses-01",11.51,"Female","PS","EF",0.072457,0.074643,-0.010077,0.003016,-0.009002,-0.012739,-0.008971,0.053145,0.006131,-0.018648,0.012214,-0.005089,0.069632,0.039212,-0.017296,0.005126,-0.486616968,-0.712950045,-0.8465601,-3.17525185,0.070130718,NA,NA,NA,NA,NA,NA,NA
"sub-0019","ses-01",27,"Female","PS","MOTIVE",0.135846,0.12722,-0.006863,0.019607,-0.002791,-0.020773,-0.002089,0.083856,0.061559,-0.008719,0.059282,-0.005585,0.128423,0.078007,-0.012233,0.021513,0.909437724,0.898676365,0.72462381,0.26431267,0.869108289,0,0,0,0,0,0,0
"sub-0019","ses-02",31,"Female","PS","MOTIVE",0.146981,0.14364,-0.012717,0.018319,-0.003851,-0.019232,-0.001174,0.09988,0.052578,-0.023146,0.059611,-0.000439,0.140695,0.087259,-0.022978,0.021975,NA,NA,NA,NA,NA,0,0,0,0,0,0,0
"sub-0020","ses-01",25.2,"Female","TD","MOTIVE",0.111732,0.111489,-0.014312,0.01169,-0.000535,-0.009801,0.030531,0.119803,0.08275,0.013483,0.036306,0.040389,0.107193,0.110661,0.007581,0.019748,0.740948365,0.543812826,1.434153277,0.415840355,-0.263255606,0,0,0,0,0,0,0
"sub-0020","ses-02",27.1666666666667,"Female","TD","MOTIVE",0.122294,0.113933,0.008264,0.018538,0.01173,0.007573,0.046043,0.127894,0.10058,0.0343,0.077397,0.053593,0.116831,0.123189,0.028646,0.030235,NA,NA,NA,NA,NA,0,0,0,0,0,0,0
"sub-0021","ses-01",18.7,"Male","TD","MOTIVE",0.130846,0.11356,0.023703,0.025403,0.02194,0.005169,0.042569,0.106837,0.084239,0.015351,0.107173,0.035591,0.123638,0.101867,0.013143,0.037097,1.133392525,0.984935502,1.187966293,0.603825829,1.48299897,0,0,0,0,0,0,0
"sub-0021","ses-02",21.1666666666667,"Male","TD","MOTIVE",0.15014,0.125144,0.030745,0.041483,0.039371,0.013475,0.067692,0.146045,0.101007,0.017694,0.119417,0.062718,0.139925,0.134459,0.017003,0.05428,0.960717094,1.119237702,0.519080904,0.665348348,1.392179937,0,0,0,0,0,0,0
"sub-0022","ses-01",12.01,"Male","TD","EF",0.090303,0.090944,-0.000135,0.014642,0.008242,0.002045,0.020774,0.082618,0.030986,-0.000515,0.032193,0.032547,0.087084,0.069112,0.000182,0.021083,0.422806966,0.590764002,-0.442441844,-0.030767559,0.400068219,NA,NA,NA,NA,NA,NA,NA
"sub-0023","ses-01",22.9,"Male","PS","MOTIVE",0.117434,0.092001,-0.013334,0.015946,-0.00236,-0.014529,0.016289,0.084546,0.053688,-0.006735,0.092136,0.022611,0.107393,0.07531,-0.008807,0.018706,NA,NA,NA,NA,NA,1,1,1,0,0,0,0
"sub-0023","ses-02",25.1666666666667,"Male","PS","MOTIVE",0.115987,0.09116,-0.002988,0.0169,0.002149,-0.011521,0.033476,0.099189,0.056997,-0.006104,0.116216,0.026203,0.107658,0.088112,-0.007544,0.022171,1.469324725,1.716500335,1.675695223,1.27943423,0.475942348,1,1,1,0,0,0,0
"sub-0024","ses-01",22.4,"Male","PS","MOTIVE",0.062946,0.058933,-0.009277,-0.00297,-0.013255,-0.006018,0.019413,0.05259,0.046559,0.003384,0.034119,0.00865,0.059894,0.050785,0.000932,0.001589,NA,NA,NA,NA,NA,1,0,1,1,0,0,0
"sub-0025","ses-01",16.6,"Male","TD","MOTIVE",0.092036,0.096975,-0.007819,0.008961,0.001835,-0.00092,0.017698,0.068969,0.04691,0.009666,0.066192,0.027615,0.092168,0.063713,0.00694,0.016332,1.10304351,1.143259234,1.167063625,0.602686523,1.264573447,0,0,0,0,0,0,1
"sub-0025","ses-02",18.5833333333333,"Male","TD","MOTIVE",0.096528,0.096871,-0.004766,0.009046,0.001607,-0.01102,0.024067,0.072703,0.043366,0.002998,0.074676,0.017407,0.095352,0.064605,-0.000728,0.016696,1.436882675,1.411863636,1.21235274,1.151831968,1.657739389,0,0,0,0,0,0,1
"sub-0026","ses-01",25.7,"Female","TD","MOTIVE",0.140163,0.136939,0.017318,0.040271,0.044802,0.020178,0.105064,0.130067,0.117768,0.045007,0.134565,0.092918,0.138749,0.127735,0.040455,0.056875,1.544674004,1.418414963,1.723306857,0.961567883,1.745109598,0,0,0,0,0,0,0
"sub-0026","ses-02",27.6666666666667,"Female","TD","MOTIVE",0.151705,0.14198,0.024028,0.048021,0.047295,0.008104,0.110452,0.14377,0.11569,0.047229,0.146154,0.100463,0.148109,0.136811,0.039856,0.06249,1.497580705,1.476285017,1.766273453,1.550589034,1.273770311,0,0,0,0,0,0,0
"sub-0027","ses-01",21.5,"Female","PS","MOTIVE",0.108678,0.105743,0.003172,0.018977,0.011797,-0.001757,0.066091,0.104437,0.066634,0.024625,0.086829,0.034021,0.1064,0.09617,0.019597,0.028432,0.853972283,1.443528382,-0.764110686,0.88181647,0.88635241,1,0,1,0,0,0,0
"sub-0028","ses-01",10.99,"Male","TD","EF",0.04394,0.043204,-0.021992,-0.009822,-0.024682,-0.029802,-0.004489,0.021971,-0.008844,-0.016472,-0.008314,-0.017108,0.040604,0.012884,-0.021368,-0.010512,-0.547314998,-0.876733216,-0.845398841,-1.340969347,4.63e-06,0,0,0,0,0,0,0
"sub-0028","ses-02",13.72,"Male","TD","EF",0.060777,0.062849,-0.013179,0.004489,-0.01296,-0.013893,0.002038,0.025375,0.013259,-0.008297,0.002214,-0.008717,0.058013,0.021749,-0.010039,0.002392,0.381992773,0.388764757,0.303086663,-0.386231,0.555265301,0,0,0,0,0,0,0
"sub-0029","ses-01",15.76,"Male","PS","EF",0.099682,0.088595,0.021056,0.035147,0.028417,0.01703,0.065638,0.077636,0.059705,0.031376,0.060269,0.038995,0.093627,0.072525,0.029425,0.039958,0.896879511,0.859368403,-0.155610783,0.632308477,0.855312993,NA,NA,NA,NA,NA,NA,NA
"sub-0030","ses-01",16.7,"Male","PS","MOTIVE",0.06077,0.051505,-0.010253,0.002957,-0.017846,-0.006641,0.014145,0.03972,0.029726,-0.009653,0.012463,-0.010324,0.054802,0.036729,-0.008852,0.00033,-0.613245617,-0.26636793,-1.427189779,-1.705547236,-0.339129736,0,0,0,0,0,0,0
"sub-0030","ses-02",18.75,"Male","PS","MOTIVE",0.062732,0.059209,-0.013734,-0.004293,-0.022414,-0.005048,0.008682,0.034381,0.029876,-0.007781,0.009671,-0.009941,0.058412,0.033032,-0.007054,-0.004203,-0.365220908,0.062290301,-1.918402487,-1.691875565,0.418461947,0,0,0,0,0,0,0
"sub-0031","ses-01",17.7,"Male","PS","MOTIVE",0.097897,0.081685,0.011431,0.0244,0.023092,0.015457,0.064264,0.070416,0.051383,0.022374,0.083251,0.032186,0.091584,0.065178,0.020798,0.03282,1.273625904,1.457722924,0.667722101,1.054990967,1.287565607,0,0,0,0,0,0,0
"sub-0031","ses-02",19.8333333333333,"Male","PS","MOTIVE",0.109318,0.087713,0.01894,0.035011,0.034185,0.02052,0.06876,0.081422,0.055929,0.033417,0.096742,0.042292,0.101315,0.074052,0.030768,0.043231,0.648854802,0.077576731,0.577143871,1.235001299,0.93233673,0,0,0,0,0,0,0
"sub-0032","ses-01",14.51,"Female","PS","EF",0.07966,0.076987,-0.02412,0.004853,-0.015375,-0.032717,-0.011644,0.044366,0.010502,-0.026636,0.027948,-0.010305,0.075706,0.034596,-0.028253,0.002905,0.466760711,0.243543678,0.774557962,0.251780305,0.183941912,1,0,1,0,0,0,0
"sub-0033","ses-01",25.5,"Female","PS","MOTIVE",0.106897,0.092584,0.002999,0.02424,0.014511,-0.002552,0.057958,0.099638,0.073707,0.028568,0.091708,0.062711,0.10119,0.093524,0.020556,0.031042,1.185718413,1.286296537,1.150805994,0.955871353,1.245030111,1,0,1,1,1,0,0
"sub-0033","ses-02",27.75,"Female","PS","MOTIVE",0.103785,0.095493,0.012805,0.021501,0.012307,-0.00431,0.062027,0.09652,0.067341,0.025724,0.128309,0.04778,0.102448,0.08841,0.017968,0.029306,0.643622213,1.149810561,0.031351974,1.117652791,0.247170353,1,0,1,1,1,0,0
"sub-0034","ses-01",19,"Male","PS","MOTIVE",0.096621,0.097527,-0.008788,0.008568,-0.010876,-0.016523,-0.004401,0.069282,0.032426,-0.010843,0.021873,-0.00519,0.092508,0.058251,-0.012353,0.009586,0.307690012,0.029533667,-0.260124125,-0.442056989,1.18180167,1,0,1,0,0,0,0
"sub-0034","ses-02",21.1666666666667,"Male","PS","MOTIVE",0.091617,0.085202,-0.005944,0.006497,-0.01373,-0.002205,-0.003666,0.049154,0.01935,-0.019072,0.043164,-0.01522,0.086598,0.040233,-0.014968,0.006369,0.885367815,0.911779018,0.538822313,0.014804678,1.78994431,1,0,1,0,0,0,0
"sub-0035","ses-01",23,"Female","PS","MOTIVE",0.115514,0.104029,0.006532,0.029249,0.022712,0.015888,0.070033,0.095068,0.082934,0.031171,0.104792,0.05467,0.111021,0.091436,0.027109,0.037666,0.849786212,0.685758241,0.819847077,0.71775642,1.028903804,1,1,1,0,0,0,0
"sub-0035","ses-02",25.0833333333333,"Female","PS","MOTIVE",0.121564,0.105918,0.017187,0.033505,0.024435,0.027495,0.059822,0.085889,0.087309,0.038876,0.099453,0.048991,0.115,0.086314,0.03585,0.040286,0.801646395,1.020967799,1.064872801,0.23924794,0.271312121,1,1,1,0,0,0,0
"sub-0036","ses-01",22.5,"Male","PS","MOTIVE",0.117155,0.09883,-0.010911,0.016691,-0.00166,0.001809,0.039082,0.121417,0.074147,0.011962,0.071795,0.055722,0.108317,0.11078,0.010164,0.021699,0.38827188,-0.491296819,1.160096069,0.795229221,0.251768785,0,0,0,0,0,0,0
"sub-0036","ses-02",26.0833333333333,"Male","PS","MOTIVE",0.112133,0.090603,0.001279,0.012424,0.003999,0.002511,0.04996,0.120876,0.073779,0.025023,0.072781,0.075317,0.102572,0.109085,0.021184,0.022896,NA,NA,NA,NA,NA,0,0,0,0,0,0,0
"sub-0037","ses-01",19.2,"Male","PS","MOTIVE",0.092727,0.099048,-0.012314,-0.008544,-0.022751,-0.02586,0.000583,0.075888,0.037732,-0.008326,0.04252,-0.004792,0.091884,0.066821,-0.01425,-0.00149,0.406062681,0.263197659,0.664238323,-0.677893311,1.151911861,0,0,0,0,0,0,0
"sub-0037","ses-02",21.1666666666667,"Male","PS","MOTIVE",0.095467,0.087299,-0.015496,-0.009885,-0.023414,-0.02748,0.00059,0.080968,0.045153,-0.008746,0.053703,-0.007812,0.090254,0.070497,-0.013726,-0.00237,NA,NA,NA,NA,NA,0,0,0,0,0,0,0
"sub-0038","ses-01",13.66,"Female","PS","EF",0.06756,0.066397,-0.013005,0.005679,-0.011776,-0.022709,-0.002173,0.047295,0.008824,-0.017432,0.01551,-0.003103,0.064093,0.035781,-0.018834,0.00432,0.728390151,0.484850884,0.48888816,0.649398065,0.574808637,1,1,0,0,0,0,0
"sub-0039","ses-01",24.1,"Male","PS","MOTIVE",0.102198,0.106073,-0.000349,0.024611,0.010369,-0.026747,0.022443,0.123185,0.070259,-0.010504,0.100038,0.042464,0.103373,0.107344,-0.015207,0.028647,NA,NA,NA,NA,NA,1,1,0,0,0,0,1
"sub-0040","ses-01",18.6,"Female","PS","MOTIVE",0.10801,0.092992,-0.018181,-0.00583,-0.008388,0.006562,0.035504,0.068111,0.045732,0.010983,0.031681,0.012652,0.098452,0.06163,0.009808,0.007198,1.028740749,0.707595998,1.186805034,1.01511526,1.017407724,1,0,0,0,0,0,0
"sub-0041","ses-01",25,"Male","TD","MOTIVE",0.100345,0.090661,0.007292,0.012294,0.00745,-0.004972,0.049012,0.079793,0.081438,0.011901,0.080761,0.035369,0.095933,0.080855,0.007416,0.022228,0.75246006,0.002236472,1.078807914,0.430651332,1.548526627,0,0,0,0,0,0,0
"sub-0041","ses-02",26.6666666666667,"Male","TD","MOTIVE",0.106937,0.0924,0.016513,0.020655,0.021434,0.003949,0.055923,0.079441,0.084097,0.018827,0.095284,0.048073,0.101363,0.081408,0.015062,0.032424,NA,NA,NA,NA,NA,0,0,0,0,0,0,0
"sub-0042","ses-01",23.4,"Male","PS","MOTIVE",0.139397,0.125504,0.003781,0.017436,0.00376,0.003821,0.061657,0.130661,0.094809,0.021408,0.074833,0.049665,0.130913,0.120355,0.017626,0.028005,1.213974392,1.025335351,1.37492905,0.121899432,1.273770311,0,0,0,0,0,0,0
"sub-0042","ses-02",25.5,"Male","PS","MOTIVE",0.120266,0.100335,0.000734,0.023249,0.00328,0.02027,0.051198,0.123028,0.082957,0.01902,0.092249,0.057066,0.111913,0.113025,0.02066,0.027439,1.15432288,1.036254229,1.485248689,0.493313157,1.546227411,0,0,0,0,0,0,0
"sub-0043","ses-01",17.8,"Female","PS","MOTIVE",0.110766,0.115409,0.010333,0.02724,0.018838,0.01571,0.039441,0.077368,0.067754,0.013198,0.058564,0.039623,0.109242,0.075286,0.013866,0.033633,1.096764403,1.109410712,0.533016016,0.357735754,1.056494396,1,0,1,0,0,0,0
"sub-0044","ses-01",22.7,"Female","TD","MOTIVE",0.109852,0.09959,-0.034121,-0.015708,-0.021373,-0.021301,0.000225,0.080649,0.048062,-0.010235,0.04934,0.02259,0.102828,0.071652,-0.013177,-0.002531,0.821530232,0.473932006,1.062550283,0.26431267,1.226636382,0,0,0,0,0,0,0
"sub-0044","ses-02",24.5833333333333,"Female","TD","MOTIVE",0.12902,0.120557,-0.008447,0.000668,-0.006361,-0.012041,0.00412,0.088774,0.056354,-0.011543,0.086542,0.031093,0.123666,0.07935,-0.011675,0.013215,0.947112363,1.267734445,0.692108548,0.702945443,0.657580414,0,0,0,0,0,0,0
"sub-0045","ses-01",8.61,"Female","TD","EF",0.061211,0.065706,0.002035,0.003723,-0.001744,0.011426,0.005054,0.040483,0.019551,-0.002418,0.012111,-0.009382,0.05982,0.034339,0.001295,0.008092,-1.101969411,-0.50549136,-1.534025639,-2.859664115,-1.185241235,NA,NA,NA,NA,NA,NA,NA
"sub-0046","ses-01",25.4,"Female","PS","MOTIVE",0.097635,0.093147,-0.012201,0.003097,-0.009464,-0.014963,0.036365,0.091049,0.068795,0.011714,0.049768,0.025547,0.093298,0.085594,0.004935,0.010577,0.193619576,0.001144584,0.109156351,-0.105961748,0.343737426,0,0,0,0,0,0,0
"sub-0047","ses-01",23.0833333333333,"Male","PS","MOTIVE",0.084516,0.076021,-0.004302,0.007799,0.002582,0.008318,0.023367,0.074356,0.044223,0.003532,0.052708,0.024145,0.079782,0.066508,0.004994,0.015223,NA,NA,NA,NA,NA,1,1,0,0,0,0,0
"sub-0048","ses-01",12.96,"Female","PS","EF",0.084591,0.078939,-0.006168,0.00264,-0.007832,-0.002158,-0.002082,0.025533,0.012304,-0.006357,0.049964,0.003465,0.080646,0.02165,-0.005241,0.006533,1.136532078,1.290664089,0.790815593,0.271148506,1.396778369,1,0,1,0,0,0,0
"sub-0048","ses-02",14.52,"Female","PS","EF",0.083862,0.078679,-0.013927,0.001931,-0.008893,-0.022019,0.005248,0.051958,0.022555,-0.00232,0.040545,0.013486,0.079561,0.043931,-0.007556,0.006486,0.782809075,0.247911229,0.839588486,0.214183211,1.358841304,1,0,1,0,0,0,0
"sub-0049","ses-01",23,"Female","PS","MOTIVE",0.126665,0.126366,0.002461,0.017455,0.006516,0.02532,0.022099,0.115639,0.092488,0.016184,0.124422,0.033867,0.126432,0.109094,0.018613,0.027145,0.493970173,0.789487583,0.109156351,0.769025185,-0.23796423,1,1,1,0,0,0,0
"sub-0050","ses-01",24.4,"Female","TD","MOTIVE",0.140669,0.136573,0.003668,0.021735,0.012004,-0.029194,0.051039,0.125193,0.084083,0.009422,0.109472,0.02865,0.137449,0.114501,-0.000854,0.032797,1.369905538,1.731786764,0.586433946,1.39336482,1.451959554,0,0,0,0,0,0,0
"sub-0051","ses-01",10.74,"Female","PS","EF",0.088287,0.083163,-0.001357,0.008596,0.001113,-0.005873,0.013116,0.06532,0.032441,-8.6e-05,0.030941,0.001201,0.083176,0.055873,-0.001624,0.014409,NA,NA,NA,NA,NA,1,1,0,0,0,0,0
"sub-0052","ses-01",15.81,"Male","TD","EF",0.085069,0.07638,-0.00438,0.004483,-0.011866,-0.007395,-0.011151,0.031338,0.019775,-0.022147,0.014175,-0.013393,0.07796,0.028175,-0.018225,0.004956,0.896879511,1.096308058,0.855846117,-0.994620352,0.969124187,NA,NA,NA,NA,NA,NA,NA
"sub-0053","ses-01",14.89,"Male","TD","EF",0.072017,0.078581,-0.009479,0.015468,-0.009404,-0.027639,-0.017669,0.049816,0.012806,-0.028651,0.022228,-0.016169,0.07128,0.038739,-0.028382,0.009223,0.81315809,1.04062178,0.843072264,-0.684729147,0.620792958,NA,NA,NA,NA,NA,NA,NA
"sub-0054","ses-01",13.59,"Male","TD","EF",0.059832,0.060307,-0.015215,0.00303,-0.013085,-0.003508,-0.008228,0.054071,0.026286,-0.019291,0.008882,-0.008016,0.05698,0.04608,-0.015095,0.002168,0.760832202,0.336354142,1.507312616,0.764467962,0.428808419,0,0,0,0,0,0,0
"sub-0055","ses-01",26.1,"Female","PS","MOTIVE",0.074363,0.063611,-0.009588,-0.000319,-0.012154,-0.003745,0.018479,0.055505,0.036202,-0.006326,0.060077,0.018377,0.069906,0.050259,-0.005863,0.004048,1.583395161,1.358361133,1.574665659,1.110816956,1.891109816,1,1,0,0,0,0,0
"sub-0056","ses-01",15.09,"Male","TD","EF",0.085174,0.07734,-0.014265,-0.009885,-0.021207,-0.013838,-0.003803,0.05032,0.035113,-0.017682,0.018958,-0.011857,0.078629,0.04593,-0.017549,-0.003634,1.32699831,1.398760982,0.744365219,1.326145772,1.271471095,NA,NA,NA,NA,NA,NA,NA
"sub-0057","ses-01",21.1,"Male","PS","MOTIVE",0.081199,0.07453,-0.019917,-0.003533,-0.014825,-0.019963,-0.006044,0.061727,0.033382,-0.017198,0.055464,-0.002836,0.077437,0.053243,-0.017933,0.001364,NA,NA,NA,NA,NA,0,0,0,0,0,0,0
"sub-0058","ses-01",21.5,"Female","TD","MOTIVE",0.097321,0.094078,-0.007276,0.012762,0.007127,0.018811,0.033514,0.076328,0.05118,0.001528,0.081297,0.032232,0.095284,0.070286,0.006449,0.020945,1.383510269,1.386750216,1.525892766,0.29507393,1.236982855,0,0,0,0,0,0,0
"sub-0059","ses-01",12.64,"Female","TD","EF",0.096613,0.09706,-0.007043,0.014211,0.001693,-0.00075,0.013176,0.088727,0.032984,-0.004579,0.024551,0.02361,0.092505,0.072044,-0.003561,0.018306,0.976414861,1.33979904,1.077646654,-0.034185476,0.45180058,NA,NA,NA,NA,NA,NA,NA
"sub-0060","ses-01",24.75,"Male","TD","MOTIVE",0.093596,0.080486,-0.006561,0.020984,0.016688,0.003965,0.035076,0.082711,0.068831,0.003512,0.081709,0.026996,0.088488,0.079114,0.003679,0.027541,1.069554941,1.396577206,1.168224884,0.445462309,1.039250276,0,0,0,0,0,0,0
"sub-0061","ses-01",21.3,"Male","PS","MOTIVE",0.087594,0.074063,-0.003026,-0.007646,-0.016776,-0.016727,0.01712,0.04415,0.025373,-0.002422,0.040753,0.007168,0.080279,0.03908,-0.006386,0.00016,1.413859284,1.666273496,1.129903325,1.500459575,0.810478281,0,0,0,0,0,0,0
"sub-0061","ses-02",23.0833333333333,"Male","PS","MOTIVE",0.095929,0.090502,-0.006187,0.000297,-0.014115,-0.02313,0.007265,0.063043,0.041,0.000586,0.054805,0.003482,0.091675,0.056645,-0.005866,0.005594,1.086299225,1.01550836,1.331962453,0.841940763,0.819675145,0,0,0,0,0,0,0
"sub-0062","ses-01",24.5,"Female","PS","MOTIVE",0.097294,0.079394,-0.015256,0.002009,-0.003289,0.000263,0.025839,0.054679,0.045579,0.011614,0.046854,0.028488,0.088298,0.051955,0.008597,0.01086,0.670831675,1.012232697,-0.342573539,0.699527525,0.89784849,1,0,1,0,0,0,0
"sub-0062","ses-02",26.25,"Female","PS","MOTIVE",0.102026,0.084652,0.004049,0.014622,0.006711,-0.019082,0.030073,0.069516,0.051983,0.007131,0.06398,0.03552,0.093939,0.064954,0.000165,0.021394,1.011996464,1.078837853,0.853523598,0.456855368,1.347345224,1,0,1,0,0,0,0
"sub-0063","ses-01",17.3,"Male","PS","MOTIVE",0.124899,0.119421,0.005428,0.016558,0.001942,0.003823,0.026479,0.099647,0.055934,0.013149,0.071943,0.03668,0.119928,0.088432,0.010947,0.02364,1.164788057,0.965281521,1.223965333,-0.020513805,1.072588908,0,0,0,0,0,0,0
"sub-0064","ses-01",19.8,"Male","PS","MOTIVE",0.071234,0.065705,0.007179,0.001755,-0.007496,-0.019359,0.002409,0.049426,0.028435,-0.004164,0.050726,-0.007385,0.068164,0.043604,-0.008309,0.006164,NA,NA,NA,NA,NA,0,0,0,0,0,0,0
"sub-0064","ses-02",21.9166666666667,"Male","PS","MOTIVE",0.063763,0.046102,-0.007954,-0.010362,-0.015443,-0.010802,0.019323,0.052801,0.039115,0.009619,0.050897,-0.004634,0.057068,0.048705,0.00419,-0.002481,-0.381965192,-0.481469829,-1.053264266,0.009108148,-0.49317721,0,0,0,0,0,0,0
"sub-0065","ses-01",23.4,"Female","PS","MOTIVE",0.094481,0.092741,0.006267,0.006152,-0.004626,-0.013576,0.007768,0.05901,0.038048,-0.003708,0.068409,0.003442,0.092355,0.052922,-0.006669,0.01207,0.714785421,0.140906224,-0.003485807,1.356907031,1.30366012,0,0,0,0,0,0,0
"sub-0065","ses-02",25.3333333333333,"Female","PS","MOTIVE",0.100653,0.097826,0.000161,0.009833,-0.002926,0.020231,0.01454,0.058169,0.046429,-0.001462,0.071104,0.006593,0.097957,0.054655,0.004304,0.014869,0.828855856,0.662828597,0.09289872,1.596161271,0.951880067,0,0,0,0,0,0,0
"sub-0066","ses-01",16.4,"Female","TD","EF",0.119505,0.10603,0.000686,0.018214,-0.002628,-0.00933,0.007229,0.066054,0.045783,-0.009124,0.046466,0.017704,0.110661,0.059987,-0.009179,0.0194,1.334323934,1.127972805,1.459700983,0.185700563,1.741660774,NA,NA,NA,NA,NA,NA,NA
"sub-0066","ses-02",17.97,"Female","TD","EF",0.127638,0.126137,0.006639,0.026717,0.008201,0.02149,0.041766,0.076669,0.059273,0.014688,0.074013,0.030204,0.123965,0.072225,0.016496,0.030246,1.504906329,1.438068943,1.759305897,0.35887506,1.693377237,NA,NA,NA,NA,NA,NA,NA
"sub-0067","ses-01",25.7,"Male","PS","MOTIVE",0.006977,0.011573,-0.005172,-0.003612,-0.00429,-0.000631,0.000463,0.016902,0.002229,-0.010545,0.03822,-0.000493,0.010368,0.012827,-0.008115,-0.00185,1.08420619,1.118145815,0.7420427,0.71775642,1.546227411,0,0,0,0,0,0,0
"sub-0068","ses-01",12.03,"Male","TD","EF",0.085862,0.079912,-0.011056,0.00651,-0.01373,-0.01856,-0.016942,0.049035,0.012301,-0.023175,0.031643,-2e-06,0.080658,0.038584,-0.021948,0.005318,0.951298434,0.713055437,1.170547403,0.190257787,0.93233673,NA,NA,NA,NA,NA,NA,NA
"sub-0068","ses-02",14.02,"Male","TD","EF",0.094843,0.086074,-0.002456,0.011807,-0.00443,-0.009685,0.018337,0.072233,0.033614,-0.005098,0.045156,0.015929,0.08896,0.060675,-0.006482,0.014253,NA,NA,NA,NA,NA,NA,NA,NA,NA,NA,NA,NA
"sub-0069","ses-01",18.3,"Female","PS","MOTIVE",0.099778,0.102404,-0.004056,0.010507,-0.004524,-0.001224,0.008932,0.080218,0.037165,-0.005742,0.072451,0.001933,0.099046,0.068786,-0.004659,0.014596,0.928275044,1.220783269,0.456372898,0.538885393,1.226636382,0,0,0,0,0,0,0
"sub-0070","ses-01",13.44,"Male","PS","EF",0.070074,0.073044,-0.009494,0.015107,0.001146,0.005381,0.005022,0.050511,0.034417,-0.009455,0.018118,0.008944,0.068001,0.045694,-0.005511,0.014489,0.477225889,0.678115027,0.473791789,-1.481103973,0.812777497,1,1,1,0,0,0,0
"sub-0070","ses-02",15.25,"Male","PS","EF",0.060624,0.058469,-0.019643,0.002026,-0.015785,-0.008544,-0.006873,0.041258,0.022774,-0.014055,0.004192,0.004395,0.056565,0.036236,-0.013262,0.000349,0.737808811,0.583120787,0.789654334,-1.621238599,1.238132463,1,1,1,0,0,0,0
"sub-0071","ses-01",13.82,"Female","PS","EF",0.094089,0.092484,-0.016606,-0.010438,-0.015251,-0.011449,0.007858,0.054454,0.025503,-0.003923,0.041263,-0.007775,0.090428,0.045951,-0.006157,0.000255,0.626877929,0.004420247,0.969649534,0.208486681,0.801281417,0,0,0,0,0,0,0
"sub-0071","ses-02",15.3,"Female","PS","EF",0.097523,0.083677,-0.022644,-0.014765,-0.018933,-0.0172,0.018735,0.046225,0.028802,-0.003099,0.040287,-0.009215,0.089488,0.041155,-0.007118,-0.00309,0.553621686,0.875746721,0.261281326,0.221019046,0.462147052,0,0,0,0,0,0,0
"sub-0072","ses-01",19.3,"Male","PS","MOTIVE",0.108022,0.105898,0.00681,0.022557,0.009223,0.011285,0.034069,0.111166,0.085639,0.009342,0.057499,0.010831,0.104323,0.103892,0.010115,0.027736,1.005717358,0.969649072,0.350698297,0.906881199,0.795533376,0,0,0,0,0,0,0
"sub-0073","ses-01",18.3,"Female","PS","MOTIVE",0.086237,0.081169,0.006485,0.011746,-0.008374,0.005853,0.030813,0.065899,0.050524,0.003331,0.06844,0.008531,0.083482,0.061514,0.004215,0.012623,0.749320507,0.755639061,-0.198577379,0.840801457,0.574808637,0,0,0,0,0,0,0
"sub-0074","ses-01",12.26,"Male","PS","EF",0.063905,0.066972,-0.010305,0.002899,-0.009405,-0.010449,-8.1e-05,0.048199,0.011574,-0.007175,0.017686,0.002459,0.062204,0.037501,-0.008045,0.004464,0.057572267,-0.462907736,0.693269807,-1.124501225,-0.009192235,1,1,0,0,0,0,0
"sub-0075","ses-01",20.3,"Female","PS","MOTIVE",0.072492,0.082239,-0.022498,0.002486,-0.009691,-0.027615,0.00944,0.066168,0.012187,-0.026792,0.023899,0.000813,0.072896,0.050726,-0.027011,0.005383,0.723157563,0.942351877,1.04977643,0.243805164,0.244871137,0,0,0,0,0,0,0
"sub-0075","ses-02",22.25,"Female","PS","MOTIVE",0.093346,0.098129,0.001356,0.021404,0.000534,-0.011624,0.040042,0.095237,0.056492,0.002463,0.062923,0.010613,0.093155,0.084835,-0.00135,0.021703,0.479318925,0.897584477,-0.026710994,0.679020019,0.389721747,0,0,0,0,0,0,0
"sub-0076","ses-01",15.96,"Male","PS","EF",0.074128,0.063678,-0.008017,-0.002979,-0.002824,0.002561,0.02292,0.045533,0.030614,0.001094,0.044261,0.001776,0.068851,0.041068,0.001484,0.006612,0.41129527,-0.219416754,0.661915805,0.022779819,0.761045136,1,1,0,0,0,0,0
"sub-0077","ses-01",15.96,"Female","PS","EF",0.095308,0.087987,-0.005364,0.004801,-0.012757,-0.02567,-0.004139,0.075497,0.024644,-0.026523,0.049005,0.008128,0.090111,0.060704,-0.026297,0.007389,0.609087127,0.834254984,0.321666813,0.167471669,0.313847618,NA,NA,NA,NA,NA,NA,NA
"sub-0078","ses-01",21.7,"Male","TD","MOTIVE",0.163337,0.143442,0.040216,0.049061,0.043834,0.031156,0.052626,0.109813,0.089943,0.027674,0.120273,0.03613,0.154107,0.103866,0.0286,0.059122,NA,NA,NA,NA,NA,0,0,0,0,0,0,0
"sub-0079","ses-01",24.3,"Female","PS","MOTIVE",0.088958,0.080813,-0.014401,-0.004701,-0.006568,-0.006284,0.013838,0.056004,0.043653,-0.002966,0.061944,0.010334,0.084624,0.054019,-0.004054,0.006077,0.692808548,1.125789029,0.522564682,0.693830996,0.924289474,0,0,0,0,0,0,0
"sub-0079","ses-02",26.0833333333333,"Female","PS","MOTIVE",0.08747,0.08126,-0.024687,-0.00291,-0.006941,-0.030589,0.022375,0.067045,0.044949,2.1e-05,0.045776,0.011523,0.082919,0.060432,-0.008116,0.006517,NA,NA,NA,NA,NA,0,0,0,0,0,0,0
"sub-0080","ses-01",20.9,"Female","PS","MOTIVE",0.116325,0.107975,-0.002562,0.011586,-0.003597,-0.005466,0.015439,0.075927,0.047786,-0.003407,0.077271,0.012601,0.111211,0.067743,-0.004057,0.016978,NA,NA,NA,NA,NA,1,1,0,0,1,0,0
"sub-0080","ses-02",22.8333333333333,"Female","PS","MOTIVE",0.1329,0.127911,0.005368,0.027541,0.012937,0.000111,0.029326,0.104173,0.051577,0.003912,0.111662,0.033379,0.129968,0.088431,0.002901,0.033304,1.309207508,1.784197379,0.889522638,0.151521386,1.893409032,1,1,0,0,1,0,0
"sub-0081","ses-01",26.3,"Female","PS","MOTIVE",0.105888,0.091211,0.000717,-3e-04,-0.006023,-0.00279,0.014481,0.068531,0.040343,-0.006291,0.092733,0.020287,0.100179,0.060521,-0.0055,0.010387,0.367341524,0.772017378,-0.959202258,1.09030945,0.379375275,1,1,1,0,0,0,0
"sub-0081","ses-02",28.25,"Female","PS","MOTIVE",0.105662,0.094887,-0.009135,-0.000458,-0.003337,-0.007216,0.034419,0.088481,0.064857,0.018031,0.091539,0.032249,0.101207,0.08141,0.011923,0.012765,NA,NA,NA,NA,NA,1,1,1,0,0,0,0
"sub-0082","ses-01",16.8,"Female","TD","MOTIVE",0.084747,0.07462,-0.007047,0.008174,-0.002521,-0.033943,0.006022,0.064925,0.015577,-0.005311,0.037006,0.024506,0.078523,0.050511,-0.013611,0.011895,NA,NA,NA,NA,NA,0,0,0,0,0,0,0
"sub-0083","ses-01",11.21,"Male","PS","EF",0.061505,0.061478,-0.017132,-0.005115,-0.015043,-0.009953,-0.009502,0.045456,0.010381,-0.014244,0.026314,-0.014358,0.059416,0.035585,-0.01362,-0.001891,0.193619576,-0.742431015,1.241384224,-0.045578535,0.087374838,1,1,0,0,0,0,0
"sub-0084","ses-01",19.7,"Male","PS","MOTIVE",0.079527,0.066829,-0.002978,0.01937,0.009876,-0.000513,0.012344,0.03859,0.049436,0.001059,0.05356,0.00849,0.073725,0.042133,0.000641,0.020612,1.399208036,1.560360378,1.621116033,0.494452463,1.409424057,0,0,0,0,0,0,0
"sub-0084","ses-02",21.75,"Male","PS","MOTIVE",0.08534,0.071175,0.001454,0.02269,0.011693,0.007996,0.014743,0.049846,0.05432,0.005322,0.070665,0.018925,0.079713,0.052289,0.006033,0.023915,1.836652459,1.675008598,1.946268653,1.464001786,2.054354154,0,0,0,0,0,0,0
"sub-0085","ses-01",23.2,"Male","PS","MOTIVE",0.078944,0.076722,-0.006281,0.014424,9.9e-05,-0.026254,0.022047,0.081249,0.035946,-0.017889,0.048422,0.022723,0.076393,0.068903,-0.020635,0.015974,0.031409323,-0.220508642,NA,-0.484211308,0.224178192,1,1,0,0,0,0,0
"sub-0085","ses-02",25,"Male","PS","MOTIVE",0.074141,0.067974,-0.01247,0.012015,-0.002211,-0.020098,0.034196,0.080627,0.039236,0.006456,0.052872,0.038057,0.070812,0.06848,-0.000618,0.014022,0.058618785,-0.047990368,-0.562051558,-0.3474946,0.725407287,1,1,0,0,0,0,0
"sub-0086","ses-01",26.4,"Male","TD","MOTIVE",0.103482,0.09034,0.000381,0.022461,0.016172,-0.001144,0.057372,0.118706,0.105327,0.020282,0.053707,0.070134,0.096124,0.115926,0.015786,0.031296,NA,NA,NA,NA,NA,0,0,0,0,0,0,0
"sub-0087","ses-01",12.85,"Female","TD","EF",0.068865,0.065162,-0.019593,-0.002284,-0.004331,-0.017262,0.002355,0.064249,0.029703,-0.002053,0.026627,0.019235,0.065125,0.054485,-0.006174,0.005569,1.271532869,1.414047411,1.593245809,0.003411619,1.32665228,NA,NA,NA,NA,NA,NA,NA
"sub-0087","ses-02",14.52,"Female","TD","EF",0.069274,0.067102,-0.010475,0.00274,-0.002121,-0.018076,0.014652,0.071407,0.042932,-0.005431,0.048543,0.031628,0.067319,0.063107,-0.009387,0.009581,1.562464806,1.505765987,1.986912731,0.36457159,1.818684511,NA,NA,NA,NA,NA,NA,NA
"sub-0088","ses-01",24,"Male","PS","MOTIVE",0.121431,0.129395,-0.005383,-0.000406,-0.007831,-0.003102,0.022779,0.085199,0.057719,0.008097,0.070385,0.019854,0.121091,0.076975,0.00512,0.012433,NA,NA,NA,NA,NA,0,0,0,0,0,0,0
"sub-0088","ses-02",27.4166666666667,"Male","PS","MOTIVE",0.128227,0.12838,-0.014742,-0.005993,-0.01074,-0.016825,0.021873,0.106979,0.057353,-0.005749,0.075897,0.02965,0.125186,0.094454,-0.009157,0.009799,0.712692385,0.722882427,0.732752625,0.272287812,1.017407724,0,0,0,0,0,0,0
"sub-0089","ses-01",26.8,"Male","TD","MOTIVE",0.087731,0.085047,-0.018514,0.006821,-0.001879,-0.029119,0.018341,0.085098,0.048788,-0.014362,0.058183,0.007745,0.085083,0.075023,-0.01876,0.012851,0.795367288,0.194408726,0.725785069,1.381971761,0.917391826,0,0,0,0,0,0,0
"sub-0089","ses-02",28.9166666666667,"Male","TD","MOTIVE",0.119207,0.108973,0.016324,0.037312,0.034072,-0.003877,0.086066,0.114764,0.104653,0.027237,0.100683,0.041851,0.114673,0.11415,0.019209,0.046952,1.158508951,0.838622535,1.269254448,0.479641486,1.595660556,0,0,0,0,0,0,0
"sub-0090","ses-01",22.5,"Female","PS","MOTIVE",0.11477,0.108201,0.002125,0.017332,0.013648,-0.003249,0.015978,0.088027,0.041796,-0.000213,0.091943,0.007353,0.111214,0.074453,-0.001033,0.026674,NA,NA,NA,NA,NA,0,0,0,0,0,0,0
"sub-0091","ses-01",20.1,"Male","PS","MOTIVE",0.089932,0.072749,-0.015122,-0.000476,-0.003059,-0.010708,0.048817,0.077434,0.038851,0.005229,0.043001,0.010263,0.081384,0.065886,0.001005,0.01007,NA,NA,NA,NA,NA,0,0,0,0,0,0,0
"sub-0091","ses-02",22.1666666666667,"Male","PS","MOTIVE",0.099652,0.073372,-0.00341,0.013105,0.001818,0.01213,0.066956,0.085593,0.061822,0.024184,0.048879,0.022639,0.087821,0.078756,0.021525,0.019322,0.240712875,0.68139069,0.095221238,0.170889586,-0.308090319,0,0,0,0,0,0,0
"sub-0092","ses-01",9.94,"Female","TD","EF",0.059994,0.066901,-0.026544,-0.014151,-0.02788,-0.037692,-0.026584,0.029686,-0.00851,-0.03561,0.019531,-0.017158,0.059924,0.018648,-0.037591,-0.012069,0.810018537,0.788395696,0.701398623,-0.194827609,0.851864169,NA,NA,NA,NA,NA,NA,NA
"sub-0093","ses-01",19.6,"Female","PS","MOTIVE",0.113689,0.108575,0.004271,0.010434,-0.004857,-0.027955,0.016963,0.086247,0.037126,-0.002737,0.054945,0.011997,0.108499,0.072827,-0.009944,0.01609,0.245945464,0.309056947,-0.401797766,0.215322516,0.31269801,0,0,0,0,0,0,0
"sub-0094","ses-01",17.6,"Female","PS","MOTIVE",0.080362,0.079499,-0.011046,-0.002054,-0.013463,-0.015545,-0.013394,0.061391,0.019977,-0.017839,0.038583,0.004076,0.077603,0.050053,-0.017677,0.002546,0.843507105,0.965281521,0.150961687,0.653955289,1.113974797,1,0,1,0,0,0,0
"sub-0094","ses-02",19.5833333333333,"Female","PS","MOTIVE",0.074798,0.073309,-0.016391,-0.005549,-0.021847,-0.007957,-0.024793,0.050713,0.015731,-0.031704,0.033313,-0.001798,0.071846,0.040385,-0.025392,-0.003744,1.016182535,1.013324585,0.713011216,-0.26660388,1.220888342,1,0,1,0,0,0,0
"sub-0095","ses-01",17.9,"Female","PS","MOTIVE",0.119653,0.109376,0.012186,0.030795,0.023316,0.007551,0.041254,0.095576,0.072899,0.017566,0.088362,0.039046,0.11435,0.089418,0.014904,0.037931,1.083159672,1.216415718,0.574821353,0.455716062,1.249628543,1,0,1,1,0,0,1
"sub-0095","ses-02",19.8333333333333,"Female","PS","MOTIVE",0.133043,0.120992,-0.019087,0.013154,0.011667,0.006532,0.030673,0.104556,0.063857,-0.003878,0.08102,0.027275,0.125919,0.093361,-0.00114,0.026399,0.84141407,1.482836343,0.321666813,0.110506373,0.78748612,1,0,1,1,0,0,1
"sub-0096","ses-01",19.3,"Male","PS","MOTIVE",0.143749,0.124379,0.009519,0.029242,0.01808,0.029829,0.044089,0.105172,0.067136,0.013272,0.073556,0.024924,0.133092,0.094453,0.017673,0.03712,0.696994619,1.345258479,0.23689488,0.151521386,0.51502902,0,0,0,0,0,0,0
"sub-0097","ses-01",20,"Female","PS","MOTIVE",0.142587,0.136056,0.000669,0.024139,0.01614,-0.000915,0.036807,0.112737,0.070407,0.013297,0.090754,0.010115,0.137329,0.101497,0.009895,0.034407,0.958624059,1.087572956,0.261281326,-0.651689276,1.238132463,0,0,0,0,0,0,0
"sub-0098","ses-01",26.8,"Male","TD","MOTIVE",0.174465,0.157617,0.010406,0.032613,0.011933,-0.009184,0.037728,0.138853,0.087663,0.012518,0.12071,0.039026,0.165627,0.126198,0.00751,0.040192,1.401301071,1.485020119,1.26577067,1.297663124,0.519627453,0,0,0,0,0,0,0
"sub-0099","ses-01",23,"Male","PS","MOTIVE",0.140296,0.109349,0.00414,0.012787,0.01324,-0.015266,0.058625,0.082428,0.064555,0.024832,0.070441,0.038904,0.125768,0.07846,0.014541,0.028086,NA,NA,NA,NA,NA,0,0,0,0,0,0,0
"sub-0100","ses-01",22.9,"Female","PS","MOTIVE",0.084707,0.086113,-0.017975,0.008197,-0.009291,0.001396,0.030902,0.083354,0.040681,0.00281,0.038893,0.033996,0.082472,0.070582,0.002434,0.010668,NA,NA,NA,NA,NA,1,0,1,0,0,0,1
"sub-0101","ses-01",14.41,"Male","PS","EF",0.071656,0.070333,0.006864,0.014988,0.002781,0.006369,0.010947,0.053668,0.028707,0.003906,0.04813,0.012097,0.069821,0.046197,0.00456,0.016131,0.464667676,-0.085114553,0.14631665,0.254058917,1.108226757,NA,NA,NA,NA,NA,NA,NA
"sub-0102","ses-01",19.9,"Male","PS","MOTIVE",0.09686,0.096268,-0.016822,-0.008185,-0.013053,0.003673,0.015789,0.083298,0.071508,0.0047,0.042959,0.013632,0.093476,0.080051,0.004427,0.004019,0.75246006,0.855000852,0.823330855,-0.011399358,0.839218481,0,0,0,0,0,0,0
"sub-0103","ses-01",19.7,"Male","TD","MOTIVE",0.078561,0.071791,-0.014326,0.003664,-0.008488,-0.002864,0.001014,0.063317,0.052001,-0.010204,0.068692,0.006495,0.075703,0.05993,-0.008578,0.007253,1.08420619,1.126880917,0.442437786,0.867005493,1.248478935,0,0,0,0,0,0,0
"sub-0103","ses-02",21.6666666666667,"Male","TD","MOTIVE",0.088128,0.080897,-0.001834,0.005194,-0.002402,0.0143,0.01156,0.067237,0.064017,-0.002692,0.062683,0.018782,0.084195,0.067461,0.001872,0.012367,NA,NA,NA,NA,NA,0,0,0,0,0,0,0
"sub-0104","ses-01",20.6,"Male","PS","MOTIVE",0.098995,0.094121,-0.013108,0.010806,-0.003371,-0.021228,-0.007243,0.055366,0.02127,-0.028349,0.061916,-0.004921,0.095166,0.045321,-0.026456,0.013051,0.796413806,0.942351877,0.438954008,0.492173851,0.7415018,1,1,1,1,1,0,0
"sub-0105","ses-01",12.67,"Female","PS","EF",0.056184,0.066272,-0.021767,0.001828,-0.021632,-0.014895,-0.014916,0.025339,-0.012906,-0.030398,0.009413,-0.009352,0.05681,0.013991,-0.026277,-0.00346,0.675017746,0.707595998,0.206702137,-0.182295244,0.757596312,NA,NA,NA,NA,NA,NA,NA
"sub-0106","ses-01",15.14,"Female","PS","EF",0.085499,0.092069,0.010198,0.020015,0.00673,0.024724,0.024014,0.091729,0.061038,0.016655,0.043069,0.035544,0.0852,0.082543,0.019041,0.023307,0.903158617,0.640990841,0.229927324,1.317031324,1.461156418,NA,NA,NA,NA,NA,NA,NA
"sub-0107","ses-01",17.6,"Male","PS","MOTIVE",0.093021,0.077877,-0.012934,-0.003314,-0.011998,-0.011191,0.016642,0.064739,0.038212,-0.004681,0.042112,0.005853,0.084924,0.057202,-0.006754,0.004516,0.065944409,-0.35590273,0.047609605,0.722313643,-0.48742917,1,0,1,0,0,0,0
"sub-0107","ses-02",19.5,"Male","PS","MOTIVE",0.095022,0.083294,-0.015478,-0.003237,-0.011547,-0.013742,0.011755,0.060308,0.044426,-0.007895,0.073033,0.009496,0.089782,0.055554,-0.009449,0.005008,0.082688694,0.544904714,-0.365798726,0.628890559,-0.202326382,1,0,1,0,0,0,0
"sub-0108","ses-01",23.9,"Male","PS","MOTIVE",0.066201,0.05323,-0.000139,-0.000503,-0.005991,-0.00976,0.042844,0.078478,0.067333,0.018109,0.03775,0.02323,0.060161,0.075408,0.011423,0.007527,0.823623268,0.984935502,-0.405281545,0.922831482,0.789785336,0,0,0,0,0,0,0
"sub-0109","ses-01",11.26,"Male","TD","EF",0.083399,0.087432,-0.007946,0.006152,0.001809,-0.01433,-0.001883,0.051835,0.022815,-0.009237,0.036951,0.003353,0.082009,0.043302,-0.010591,0.012639,0.823623268,0.625704412,1.14035466,-0.285972081,0.989817131,0,0,0,0,0,0,0
"sub-0110","ses-01",13.96,"Female","PS","EF",0.078281,0.069236,-0.008456,-0.005333,-0.02186,-0.015861,-0.008727,0.041002,0.011254,-0.022677,0.030079,-0.018015,0.072393,0.032441,-0.020865,-0.00341,0.178968328,0.599499104,-0.389023914,0.033033572,0.08047719,1,1,0,0,0,0,0
"sub-0111","ses-01",23.7,"Female","PS","MOTIVE",0.089263,0.07528,-0.01026,0.008556,-0.006689,-0.027573,-0.000693,0.028363,0.023196,-0.02271,0.035421,-0.014684,0.081382,0.026912,-0.024003,0.008929,0.310829565,0.493585987,0.404116227,0.554835675,-0.21497207,0,0,0,0,0,0,0
"sub-0112","ses-01",25.6,"Female","PS","MOTIVE",0.094838,0.102888,-0.018535,0.009544,0.000484,-0.013168,0.020972,0.085598,0.059905,0.003339,0.06055,0.025762,0.095517,0.07874,-0.001076,0.016493,1.09362485,0.812417227,1.299447191,0.869284105,1.173754414,0,0,0,0,0,0,0
"sub-0113","ses-01",18.3,"Male","PS","MOTIVE",0.122349,0.110176,-0.00724,0.014216,0.002885,-0.005826,0.025937,0.07198,0.040338,0.002818,0.0721,0.012393,0.115289,0.062953,0.000534,0.021061,NA,NA,NA,NA,NA,0,0,0,0,0,0,0
"sub-0114","ses-01",19.4,"Female","PS","MOTIVE",0.138929,0.138043,0.020214,0.027992,0.025307,-0.00064,0.053749,0.129923,0.079262,0.019857,0.087117,0.041163,0.13557,0.115986,0.015177,0.041447,NA,NA,NA,NA,NA,0,0,0,0,0,0,0
"sub-0115","ses-01",23.9,"Male","PS","MOTIVE",0.094867,0.075652,-0.009196,0.009988,-0.006209,-0.022135,-0.008261,0.05649,0.025701,-0.015047,0.003299,-0.009783,0.082999,0.047442,-0.017148,0.010501,0.826762821,0.953270755,1.1763537,0.432929944,0.256367217,1,0,1,0,0,0,0
"sub-0116","ses-01",21.5,"Female","PS","MOTIVE",0.130905,0.10496,0.004104,0.012244,0.003255,0.016976,0.029586,0.077969,0.056609,0.010141,0.042404,0.033144,0.116957,0.072859,0.012595,0.021807,1.0140895,1.222967044,0.708366179,0.786114774,1.145014213,0,0,0,0,0,0,0
"sub-0116","ses-02",23.5,"Female","PS","MOTIVE",0.141726,0.112406,0.02018,0.018482,0.011217,0.014358,0.041897,0.078642,0.059772,0.020836,0.067859,0.036272,0.127508,0.073252,0.020685,0.029494,NA,NA,NA,NA,NA,0,0,0,0,0,0,0
"sub-0117","ses-01",15.63,"Male","PS","EF",0.076723,0.074529,-0.01251,-0.006191,-0.013336,-0.01715,0.011729,0.056333,0.013082,0.001272,0.040572,0.014681,0.073849,0.044325,-0.003768,0.001322,0.474086336,0.288311078,-0.072000109,-0.522947709,0.88060437,NA,NA,NA,NA,NA,NA,NA
"sub-0117","ses-02",18.52,"Male","PS","EF",0.084964,0.080241,0.002462,-0.003245,-0.012482,-0.014268,0.011405,0.059564,0.014198,-0.000979,0.04645,0.009428,0.081101,0.047148,-0.004817,0.003997,0.876995673,0.988211165,0.303086663,-0.561684109,0.641485902,NA,NA,NA,NA,NA,NA,NA
"sub-0118","ses-01",19.7,"Male","PS","MOTIVE",0.061138,0.059674,-0.022965,0.006109,-0.014028,-0.030733,-0.003167,0.051712,0.009243,-0.029221,0.013267,0.004047,0.057817,0.039278,-0.030392,0.002636,0.959670576,0.840806311,0.483081864,0.101391926,1.588762908,0,0,0,0,0,0,0
"sub-0118","ses-02",21.75,"Male","PS","MOTIVE",0.063881,0.063871,-0.018439,0.008951,-0.01074,-0.012307,0.005019,0.062192,0.036453,-0.016276,0.008958,0.012614,0.060632,0.054488,-0.015416,0.006454,1.460952583,1.58438191,0.881393823,1.528942222,1.660038605,0,0,0,0,0,0,0
"sub-0119","ses-01",15.98,"Female","PS","EF",0.10605,0.092813,0.00187,0.0134,0.010493,0.001333,0.045391,0.076651,0.043055,0.016116,0.067702,0.021426,0.099336,0.066831,0.012668,0.023425,0.741994882,1.25026424,0.155606725,-0.369141412,0.610446486,NA,NA,NA,NA,NA,NA,NA
"sub-0120","ses-01",15.03,"Female","PS","EF",0.119761,0.115814,0.011667,0.020409,0.020811,-0.003121,0.024063,0.091682,0.06639,0.008073,0.089416,0.026765,0.116642,0.084112,0.005097,0.032492,0.919902902,0.733801305,1.109000657,-0.218753033,0.4690447,NA,NA,NA,NA,NA,NA,NA
"sub-0121","ses-01",21,"Male","PS","MOTIVE",0.091144,0.072595,-0.00125,0.007484,-0.004123,-0.017676,0.012724,0.066818,0.035029,-0.006063,0.045717,0.01336,0.082226,0.05854,-0.009511,0.011848,1.050717622,0.792763247,1.156612291,1.233861993,1.254226975,0,0,0,0,0,0,0
"sub-0122","ses-01",21.9,"Male","PS","MOTIVE",0.101489,0.086007,-0.010093,0.008867,-0.011073,-0.000569,0.015547,0.068188,0.047593,0.001778,0.063606,0.016183,0.094047,0.06291,0.001232,0.010745,NA,NA,NA,NA,NA,0,0,0,0,0,0,0
"sub-0123","ses-01",19.4,"Male","PS","MOTIVE",0.167971,0.151881,0.011228,0.020794,0.014434,0.0249,0.038245,0.113908,0.09401,0.016191,0.111284,0.034146,0.159214,0.108334,0.019237,0.035748,0.735715776,0.72615809,0.020900639,1.403618573,0.75299788,0,0,0,0,0,0,0
"sub-0124","ses-01",21.5,"Female","PS","MOTIVE",0.136217,0.132762,-0.000412,0.013256,0.002289,-0.010724,0.006795,0.105925,0.075126,0.009646,0.070941,0.034107,0.131199,0.09844,0.004398,0.023354,1.262114209,1.493755222,0.686302251,1.041319296,1.172604806,1,0,1,0,0,0,0
"sub-0125","ses-01",24.3,"Female","PS","MOTIVE",0.002831,0.003266,-0.001667,-0.001112,-0.001463,0.002281,0.001062,0.006804,-0.001809,-0.005868,0.013427,-0.000646,0.003603,0.004286,-0.003952,-0.000572,0.955484505,0.634439514,0.341408222,1.372857314,1.211691478,0,0,0,0,0,0,0
"sub-0125","ses-02",26.1666666666667,"Female","PS","MOTIVE",0.003713,0.003165,-0.002053,-0.000997,-0.001508,-0.00259,0.000908,0.006654,-5.1e-05,-0.00648,0.012853,-0.00105,0.004069,0.004748,-0.005661,-0.000524,1.145950738,1.182567195,0.357665853,1.215633099,1.763503326,0,0,0,0,0,0,0
"sub-0126","ses-01",21.3,"Male","PS","MOTIVE",0.104756,0.10431,-0.0038,0.01078,0.001554,0.004089,0.007562,0.081791,0.057672,-0.007015,0.082672,0.002418,0.103301,0.074836,-0.004115,0.017915,0.95339147,0.750179622,1.174031181,1.675912684,0.160949752,0,0,0,0,0,0,0
"sub-0126","ses-02",23.1666666666667,"Male","PS","MOTIVE",0.11485,0.113784,0.000186,0.013685,0.006984,0.026011,0.021698,0.088008,0.08203,0.017479,0.082906,0.010766,0.112604,0.08683,0.02026,0.023419,1.23385823,1.139983571,0.315860516,1.2737377,1.548526627,0,0,0,0,0,0,0
"sub-0127","ses-01",14.8,"Female","TD","EF",0.070469,0.072993,-0.013218,-0.001736,-0.015165,-0.022269,0.004331,0.039002,0.00721,-0.006348,0.014852,0.006529,0.06803,0.029487,-0.01058,0.000732,1.178392788,1.099583722,1.386541643,0.782696856,0.913943002,NA,NA,NA,NA,NA,NA,NA
"sub-0128","ses-01",14.73,"Male","PS","EF",0.108863,0.109644,-0.013206,0.003176,-0.010308,-0.011568,-0.000688,0.053709,0.031487,-0.013615,0.062997,-0.015174,0.106415,0.047392,-0.01307,0.008744,1.161648504,1.657538393,0.701398623,0.189118481,0.632289038,0,0,0,0,0,0,0
"sub-0128","ses-02",16.75,"Male","PS","EF",0.116921,0.111374,-0.012212,5e-06,-0.016837,-0.02151,-0.016887,0.045799,0.02639,-0.022757,0.046247,-0.015269,0.11088,0.040417,-0.02331,0.004622,0.332806438,0.832071208,-1.805760329,0.841940763,0.331091738,0,0,0,0,0,0,0
"sub-0129","ses-01",27,"Male","PS","MOTIVE",0.12502,0.105434,0.013895,0.025019,0.022947,-0.002743,0.059814,0.115823,0.089522,0.018788,0.140737,0.043993,0.119367,0.108333,0.01358,0.037401,1.714209881,1.296123528,2.090264814,1.747688956,1.909503544,0,0,0,0,0,0,0
"sub-0130","ses-01",9.22,"Male","TD","EF",0.074181,0.075658,-0.013602,0.002169,-0.009956,-0.001631,-0.021833,0.042844,0.015128,-0.019877,0.007482,-0.018387,0.070736,0.034548,-0.015027,0.003814,-0.47615179,-0.527329117,-1.350546661,-0.710933183,0.292005065,NA,NA,NA,NA,NA,NA,NA
"sub-0131","ses-01",21.1,"Male","PS","MOTIVE",0.098108,0.096838,0.000105,0.028643,0.008623,-0.006747,0.045622,0.10109,0.079475,0.015783,0.060243,0.040632,0.095444,0.094955,0.010049,0.028903,0.935600668,0.695585232,0.880232564,0.291656012,0.700115911,0,0,0,0,0,0,0
"sub-0132","ses-01",21.3,"Female","TD","MOTIVE",0.146508,0.134826,-0.002018,0.021316,0.017558,0.008029,0.025505,0.100699,0.061376,0.004252,0.091583,0.0394,0.139337,0.089561,0.005536,0.033762,0.812111572,0.815692891,0.845394783,0.538885393,0.527674709,0,0,0,0,0,0,0
"sub-0133","ses-01",8.99,"Female","TD","EF",0.082649,0.079632,0.001623,0.016063,0.007455,0.014909,0.01547,0.06711,0.034259,0.009619,0.011118,0.010707,0.077408,0.059152,0.012623,0.019691,0.970135754,0.996946268,0.594562762,-0.264325269,0.789785336,NA,NA,NA,NA,NA,NA,NA
"sub-0134","ses-01",20.3,"Male","PS","MOTIVE",0.083848,0.074397,-0.007232,0.024891,0.007927,-0.021143,0.031937,0.0799,0.052181,0.006841,0.04511,0.038094,0.078383,0.072112,-0.000613,0.023996,NA,NA,NA,NA,NA,1,1,0,0,0,0,0
"sub-0134","ses-02",22.3333333333333,"Male","PS","MOTIVE",0.081257,0.06906,-0.004536,0.026383,0.016634,-0.001532,0.022043,0.059136,0.028511,-0.011535,0.06483,0.027767,0.076187,0.051606,-0.009106,0.026899,1.601185963,1.669549159,1.711694263,0.992329142,1.468054066,1,1,0,0,0,0,0
"sub-0135","ses-01",26.1,"Male","PS","MOTIVE",0.146941,0.159839,7e-04,0.018509,0.009086,-0.01318,0.062762,0.16012,0.097849,0.017924,0.134421,0.058455,0.150536,0.143504,0.009907,0.033393,1.09362485,1.375831338,0.276377698,0.97068233,0.804730241,0,0,0,0,0,0,0
"sub-0136","ses-01",17.9,"Female","TD","MOTIVE",0.085896,0.098531,-0.010804,0.011827,-0.016962,-0.005995,-0.026073,0.080791,0.03735,-0.016777,0.045374,0.005211,0.087747,0.068513,-0.014272,0.007583,1.657697922,1.736154316,1.80807879,0.669905572,1.586463692,0,0,0,0,0,0,0
"sub-0136","ses-02",19.6666666666667,"Female","TD","MOTIVE",0.088554,0.090054,-0.006383,0.011218,-0.015895,-0.030881,-0.023612,0.076555,0.029805,-0.028972,0.068396,-0.00294,0.087867,0.065807,-0.031472,0.007606,1.519557578,1.533063183,1.659437592,1.614390165,1.526684075,0,0,0,0,0,0,0
"sub-0137","ses-01",9.91,"Male","PS","EF",0.036374,0.032629,-0.035755,-0.030316,-0.033915,-0.017745,-0.028761,0.010716,-0.005628,-0.036478,-0.013245,-0.036578,0.032183,0.00595,-0.031498,-0.024342,-0.148591731,0.012063462,0.013933083,-1.362616159,-0.700106653,1,1,0,0,0,0,0
"sub-0138","ses-01",10.85,"Female","TD","EF",0.036932,0.036476,-0.031402,-0.01872,-0.025104,-0.023331,-0.014629,0.021491,0.004056,-0.031551,-0.023588,-0.010183,0.033203,0.01633,-0.029366,-0.015117,0.396644022,0.600590992,-0.185803526,-0.311036811,-0.525366234,0,0,0,0,0,0,0
"sub-0139","ses-01",13.36,"Female","PS","EF",0.083217,0.089281,-0.002936,0.020095,0.001621,-0.001622,0.011879,0.075244,0.039504,-0.006148,0.027612,0.021848,0.081969,0.064547,-0.004945,0.019134,0.564086863,0.659552934,0.689786029,-0.154951902,0.109217391,1,1,0,0,0,0,0
"sub-0139","ses-02",15.25,"Female","PS","EF",0.097044,0.110394,-0.008701,0.015396,0.002871,-0.016812,0.013553,0.080548,0.041909,-0.009137,0.048314,0.02408,0.09865,0.068984,-0.011177,0.019656,0.857111836,1.151994337,0.624755505,0.198232928,0.789785336,1,1,0,0,0,0,0
"sub-0139","ses-03",16.75,"Female","PS","EF",0.098812,0.106307,0.003229,0.028324,0.00996,0.012335,0.039072,0.088401,0.059736,0.011333,0.062329,0.048386,0.099175,0.081545,0.011901,0.029301,1.00467084,1.01550836,1.355187641,0.463691203,0.746100232,1,1,0,0,0,0,0
"sub-0140","ses-01",18,"Male","PS","MOTIVE",0.087665,0.080787,-0.01011,0.008054,-0.004485,-0.0071,-0.000951,0.04709,0.01886,-0.017881,0.03019,-0.007749,0.081957,0.038641,-0.015015,0.010303,NA,NA,NA,NA,NA,0,0,0,0,0,0,0
"sub-0141","ses-01",23.6,"Male","PS","MOTIVE",0.118872,0.115226,0.004789,0.021149,0.010967,-0.012525,0.044638,0.098118,0.070473,0.02371,0.081594,0.021311,0.115444,0.093807,0.015029,0.02905,1.0140895,1.177107756,1.295963413,0.316720742,0.006902277,0,0,0,0,0,0,0
"sub-0141","ses-02",25.9166666666667,"Male","PS","MOTIVE",0.11065,0.114234,0.002338,0.019266,0.012684,-0.003778,0.058607,0.097655,0.067614,0.017443,0.067473,0.014076,0.109303,0.092575,0.012431,0.028553,0.340132063,1.255723679,0.075479829,-1.419581454,0.601249622,0,0,0,0,0,0,0
"sub-0142","ses-01",21,"Male","TD","MOTIVE",0.127522,0.117687,0.008041,0.013754,-0.00099,-0.006652,0.034259,0.101611,0.044257,0.003428,0.09208,0.02542,0.122123,0.084744,0.00081,0.021575,0.92513549,1.059183873,0.70604366,1.001443589,0.490887252,1,0,1,0,0,0,0
"sub-0142","ses-02",23.1666666666667,"Male","TD","MOTIVE",0.125808,0.123106,-0.000886,0.014967,-0.00193,-0.018235,0.033865,0.108226,0.067653,0.005617,0.096134,0.020361,0.123146,0.096422,-0.000762,0.021764,0.984787003,0.702136559,0.897651454,1.287409371,0.954179283,1,0,1,0,0,0,0
"sub-0143","ses-01",13.55,"Male","PS","EF",0.107037,0.110559,-0.000494,0.014586,0.0027,-0.001505,0.010965,0.071289,0.041215,0.002043,0.053229,0.02057,0.105041,0.062953,0.001129,0.020013,0.679203817,0.672655588,0.015094343,0.121899432,0.901297314,1,1,0,0,0,0,0
"sub-0144","ses-01",23.9,"Female","PS","MOTIVE",0.137918,0.125269,-0.030832,-0.001564,-0.006632,-0.017124,0.019268,0.080787,0.04723,0.002236,0.094944,0.025093,0.131128,0.073864,-0.003194,0.01248,0.282573586,0.797130798,-1.031200338,-0.240399845,0.780588472,1,1,0,1,0,0,0
"sub-0145","ses-01",22,"Female","PS","MOTIVE",0.103199,0.085554,-0.007711,0.006124,-0.012997,-0.003475,-0.004135,0.058432,0.029243,-0.024054,0.051952,-0.019932,0.094241,0.049696,-0.018822,0.007495,0.310829565,0.077576731,-0.239221456,0.780418244,0.390871355,0,0,0,0,0,0,0
"sub-0146","ses-01",16.54,"Female","PS","EF",0.066903,0.051435,-0.010276,-0.000789,-0.019942,-0.023103,-0.006684,0.029515,0.015602,-0.0183,0.032086,-0.004538,0.059648,0.025713,-0.019577,-0.002334,1.142811184,0.849541413,0.88720012,1.091448756,1.295612863,1,1,1,0,0,0,0
"sub-0147","ses-01",13.08,"Male","TD","EF",0.055433,0.05382,-0.015349,0.012577,-0.01277,0.007964,-0.003834,0.061849,0.04318,-0.018297,0.020302,0.002474,0.052815,0.056661,-0.011461,0.005973,0.671878192,0.400775523,0.132381538,0.268869894,1.251927759,NA,NA,NA,NA,NA,NA,NA
"sub-0147","ses-02",15.06,"Male","TD","EF",0.065311,0.071069,-0.007276,0.008148,-0.005428,-0.013625,-0.003406,0.062598,0.021847,-0.017002,0.038313,4.9e-05,0.065651,0.05058,-0.016311,0.008767,0.881181744,0.934708662,1.12061325,-0.181155938,1.186400102,NA,NA,NA,NA,NA,NA,NA
"sub-0148","ses-01",14.69,"Male","PS","EF",0.080913,0.068837,0.003661,0.000493,-0.009115,-0.020236,-0.003979,0.047815,0.010662,-0.013353,0.060995,-0.005132,0.075678,0.037896,-0.015782,0.005284,-0.059637722,-0.378832374,-0.405281545,-0.191409691,0.05748503,NA,NA,NA,NA,NA,NA,NA
"sub-0148","ses-02",17.58,"Male","PS","EF",0.077112,0.068038,-0.002176,-0.002355,-0.012007,-0.021764,-0.005826,0.044456,0.016597,-0.015363,0.0603,0.000814,0.073069,0.036118,-0.017065,0.002558,1.239090818,1.440252719,0.985907165,0.370268119,1.196746574,NA,NA,NA,NA,NA,NA,NA
"sub-0149","ses-01",22.5833333333333,"Female","PS","MOTIVE",0.109335,0.084682,0.013936,0.01599,0.013009,-0.004048,0.031199,0.063465,0.053663,-0.004762,0.097271,0.027548,0.100338,0.062061,-0.004816,0.025297,1.382463751,1.491571446,0.920876641,1.413872326,1.674983509,1,0,1,0,1,0,0
"sub-0150","ses-01",19.5,"Male","TD","MOTIVE",0.084042,0.0627,0.002092,0.010661,-0.001715,0.004466,0.037205,0.070903,0.06891,0.011604,0.071171,0.016645,0.07611,0.070805,0.009831,0.014729,1.526883202,1.485020119,1.104355619,0.222158352,1.854322359,0,0,0,0,0,0,0
"sub-0150","ses-02",21.5833333333333,"Male","TD","MOTIVE",0.085309,0.070644,-0.001623,0.012277,-0.004477,0.002173,0.018162,0.072893,0.055937,-0.000305,0.06818,0.02391,0.079369,0.068787,0.000378,0.013858,1.679674795,1.576738695,1.423701943,1.264623253,1.954338257,0,0,0,0,0,0,0
"sub-0151","ses-01",14.49,"Female","TD","EF",0.087995,0.077335,0.020709,0.027425,0.022231,0.029622,0.027674,0.063766,0.046047,0.022936,0.057533,0.02005,0.082613,0.058669,0.02503,0.03172,0.702227207,0.927065448,0.279861476,0.407865214,0.529973925,NA,NA,NA,NA,NA,NA,NA
"sub-0151","ses-02",15.79,"Female","TD","EF",0.079156,0.081798,-0.00531,0.011479,0.003939,0.010153,0.017414,0.065442,0.051777,0.014548,0.043619,0.008647,0.077944,0.062229,0.014479,0.016542,1.027694231,1.131248468,1.089259248,0.412422438,0.681722183,NA,NA,NA,NA,NA,NA,NA
"sub-0152","ses-01",18.3,"Female","TD","MOTIVE",0.093625,0.08387,-0.01004,0.010273,-0.004874,0.015581,0.007036,0.051765,0.017492,-0.00072,0.050625,0.018962,0.087806,0.041802,0.003613,0.012352,0.880135227,0.809141564,0.890683898,0.808900892,0.901297314,0,0,0,0,0,0,0
"sub-0153","ses-01",9.28,"Male","PS","EF",0.044668,0.052976,-0.01186,0.005655,-0.017492,-0.020779,-0.004882,0.050297,0.01548,-0.015022,0.002324,0.004826,0.044957,0.040446,-0.017206,0.000152,0.321294743,0.17257097,-0.773400761,-0.217613727,1.257675799,NA,NA,NA,NA,NA,NA,NA
"sub-0154","ses-01",14.72,"Female","PS","EF",0.098851,0.087724,-0.009611,0.008504,-0.008078,-0.008323,0.010298,0.076595,0.048944,-0.009277,0.057173,0.001779,0.092649,0.069048,-0.009023,0.011544,1.262114209,1.545073949,1.333123713,0.854473128,0.434556459,NA,NA,NA,NA,NA,NA,NA
"sub-0154","ses-02",15.89,"Female","PS","EF",0.112528,0.094769,-0.000192,0.013954,0.004834,-0.012249,0.018609,0.088351,0.059596,0.002754,0.080286,0.015712,0.104655,0.080596,-0.001234,0.021338,1.392928929,1.799483809,1.596729587,0.236969329,1.213990694,NA,NA,NA,NA,NA,NA,NA
"sub-0155","ses-01",21.2,"Male","PS","MOTIVE",0.082859,0.072546,0.005336,0.008121,-0.003183,-0.002555,0.050986,0.075054,0.044057,0.004721,0.078354,0.02472,0.079127,0.065777,0.002935,0.013816,NA,NA,NA,NA,NA,0,0,0,0,0,0,0
"sub-0156","ses-01",14.29,"Male","PS","EF",0.06452,0.058997,-0.018586,-0.000852,-0.012502,-0.021274,-0.011205,0.050898,0.026706,-0.027705,0.05732,-0.013699,0.062238,0.043967,-0.025996,0.001121,1.016182535,0.975108511,1.30293097,0.317860048,1.110525973,1,0,1,0,0,0,0
"sub-0157","ses-01",11.37,"Male","PS","EF",0.077048,0.072617,-0.021455,-0.000112,-0.014647,-0.022861,-0.000806,0.06053,0.012394,-0.017505,0.013615,-0.004383,0.071811,0.04645,-0.018928,0.001907,0.334899474,0.696677119,-0.339089761,0.540024699,-0.173586181,NA,NA,NA,NA,NA,NA,NA
"sub-0158","ses-01",13.03,"Female","TD","EF",0.058411,0.064169,-0.019316,0.003275,-0.02039,-0.012818,-0.022428,0.046441,0.013113,-0.019856,0.014637,0.001358,0.057759,0.03712,-0.018945,-0.001434,0.704320243,1.369280011,0.00115923,-0.584470227,0.417312339,NA,NA,NA,NA,NA,NA,NA
"sub-0159","ses-01",14.57,"Female","TD","EF",0.167886,0.161746,0.015224,0.029018,0.023573,0.036645,0.056834,0.115633,0.070363,0.018736,0.088167,0.032644,0.161111,0.103543,0.023497,0.043187,1.225486087,1.172740205,1.370284012,0.378243261,1.246179719,0,0,0,0,0,0,0
"sub-0160","ses-01",14.35,"Male","TD","EF",0.071687,0.063074,-0.012641,0.004217,-0.012398,-0.021982,-0.007838,0.043039,0.019001,-0.015463,0.045128,0.011551,0.067223,0.035971,-0.018113,0.003925,0.763971755,1.244804801,0.455211639,0.132153186,0.427658811,0,0,0,0,0,0,0
"sub-0161","ses-01",25.6,"Male","TD","MOTIVE",0.085199,0.081156,0.010822,0.003735,-0.001527,-0.003256,0.02706,0.056714,0.038734,0.009114,0.03372,-0.001795,0.080798,0.051696,0.005826,0.011892,NA,NA,NA,NA,NA,0,0,0,0,0,0,0
"sub-0161","ses-02",27.5833333333333,"Male","TD","MOTIVE",0.100839,0.08892,-0.000984,0.004007,-0.003757,-0.014498,0.006877,0.066284,0.03133,-0.007682,0.040337,-0.009228,0.093259,0.055822,-0.009494,0.011406,1.112462169,0.742536408,1.272738226,1.533499446,0.639186686,0,0,0,0,0,0,0
"sub-0162","ses-01",15.14,"Female","TD","EF",0.100271,0.099341,-0.009025,0.001921,-0.0153,-0.016202,0.019393,0.05782,0.024585,0.003978,0.045963,0.010212,0.096749,0.048042,-0.001386,0.006245,-0.073242453,-0.058909246,-1.540993196,0.847637292,0.529973925,NA,NA,NA,NA,NA,NA,NA
"sub-0163","ses-01",21.8,"Male","PS","MOTIVE",0.085297,0.072972,-0.008115,0.006266,-0.002719,-0.021707,0.010634,0.056732,0.052755,0.001577,0.053224,0.013061,0.07926,0.055935,-0.004795,0.011396,1.101996992,0.92597356,1.729113154,0.879537858,0.380524883,0,0,0,0,0,0,0
"sub-0163","ses-02",23.5,"Male","PS","MOTIVE",0.100845,0.086431,-0.003231,0.017914,0.012505,0.000115,0.029191,0.074708,0.051774,0.000351,0.064288,0.024371,0.093841,0.069308,0.000289,0.024762,1.301881884,0.789487583,1.954397469,1.217911711,0.675974143,0,0,0,0,0,0,0
"sub-0164","ses-01",23.7,"Male","TD","MOTIVE",0.074311,0.066373,0.000189,0.005135,-0.005071,-0.000779,-0.001393,0.046062,0.030994,-0.007119,0.045894,0.001672,0.069964,0.042912,-0.005962,0.008384,1.333277417,1.347442255,1.172869922,1.662241013,0.639186686,0,0,0,0,0,0,0
"sub-0164","ses-02",25.8333333333333,"Male","TD","MOTIVE",0.072894,0.067045,-0.011253,0.003743,-0.008851,-0.022009,-0.006191,0.054667,0.024937,-0.018132,0.05065,-0.001469,0.069614,0.046258,-0.019408,0.005737,1.468278208,1.572371144,1.017261168,1.528942222,1.308258552,0,0,0,0,0,0,0
"sub-0165","ses-01",22.2,"Female","PS","MOTIVE",0.096386,0.076863,0.009018,-0.00312,-0.009318,-0.028198,0.007297,0.050369,0.030784,-0.018296,0.0955,-0.01478,0.089773,0.044507,-0.020928,0.005872,-0.178940746,-0.244530174,0.107995091,0.145824856,-0.877146287,0,0,0,0,0,0,0
"sub-0166","ses-01",26.4,"Male","PS","MOTIVE",0.099917,0.098689,-0.005229,0.006612,-0.005111,0.005161,0.010489,0.091351,0.05707,0.003106,0.04134,0.006976,0.096043,0.081091,0.003747,0.013216,NA,NA,NA,NA,NA,0,0,0,0,0,0,0
"sub-0166","ses-02",28.4166666666667,"Male","PS","MOTIVE",0.073733,0.080407,-0.031524,-0.009473,-0.024371,-0.010308,-0.029474,0.082103,0.046555,-0.027965,0.027488,-0.008387,0.073243,0.071716,-0.023876,-0.005675,0.111991191,-0.154995373,-1.132229902,0.947896212,0.638037078,0,0,0,0,0,0,0
"sub-0167","ses-01",26.1,"Male","PS","MOTIVE",0.117764,0.101511,-0.008096,0.016445,0.003215,-0.027426,0.016055,0.087353,0.048512,-0.003903,0.06154,0.012577,0.10898,0.076265,-0.010156,0.021441,NA,NA,NA,NA,NA,0,0,0,0,0,0,0
"sub-0167","ses-02",28.3333333333333,"Male","PS","MOTIVE",0.134041,0.12434,-0.007177,0.018287,0.008831,-0.016919,0.033543,0.108805,0.053819,0.003316,0.073304,0.029065,0.127192,0.092348,-0.002063,0.027651,0.270015373,-0.093849656,0.137026575,1.283991453,-0.101160876,0,0,0,0,0,0,0
"sub-0168","ses-01",28.5833333333333,"Male","PS","MOTIVE",0.100515,0.094989,0.020857,0.044198,0.033995,-0.021832,0.042384,0.074933,0.045887,-0.000384,0.082867,0.024826,0.097615,0.067669,-0.006086,0.044748,NA,NA,NA,NA,NA,0,0,0,0,0,0,0
"sub-0169","ses-01",13.17,"Male","PS","EF",0.077443,0.068568,-0.012486,0.001422,-0.018649,-0.014274,-0.002936,0.049739,0.032718,-0.012454,0.011089,-0.007606,0.070539,0.045445,-0.013274,0.000853,0.59338936,0.193316839,1.233255408,-0.276857634,0.848415345,1,1,1,0,0,0,0
"sub-0170","ses-01",23.5,"Female","PS","MOTIVE",0.093842,0.077066,-0.008321,-0.002653,-0.011684,-0.01125,0.009619,0.054623,0.04645,-0.006794,0.069674,-0.002664,0.086776,0.052177,-0.007978,0.004777,0.190480023,0.200960053,-0.328638427,0.377103955,-0.097712052,0,0,0,0,0,0,0
"sub-0170","ses-02",25.25,"Female","PS","MOTIVE",0.102813,0.097912,-0.013518,0.002065,-0.01033,-0.017889,-0.000337,0.06903,0.058216,-0.012119,0.063396,0.011511,0.098837,0.065794,-0.013652,0.008499,NA,NA,NA,NA,NA,0,0,0,0,0,0,0
"sub-0171","ses-01",19.6,"Male","TD","MOTIVE",0.075475,0.059158,0.003474,0.014525,0.009577,-0.003825,0.037671,0.056854,0.04228,0.002714,0.04136,0.026545,0.067976,0.054408,0.001014,0.019547,NA,NA,NA,NA,NA,0,0,0,0,0,0,0
"sub-0171","ses-02",21.8333333333333,"Male","TD","MOTIVE",0.091114,0.079888,0.011228,0.030498,0.017191,-0.002644,0.042044,0.077016,0.061296,0.016113,0.058505,0.036708,0.085415,0.073083,0.01127,0.031611,1.397115,1.477376904,1.014938649,1.2543695,1.461156418,0,0,0,0,0,0,0
"sub-0172","ses-01",20.6,"Male","PS","MOTIVE",0.128076,0.126546,-0.005406,0.016831,-0.003576,-0.019455,0.037895,0.096818,0.061576,0.008141,0.080496,0.024061,0.12475,0.086882,0.000826,0.021583,NA,NA,NA,NA,NA,0,0,0,0,0,0,0
"sub-0172","ses-02",22.6666666666667,"Male","PS","MOTIVE",0.118195,0.113482,-0.009791,0.014893,0.000864,0.004081,0.048576,0.093401,0.070264,0.020827,0.062894,0.0295,0.113343,0.088661,0.016585,0.021906,NA,NA,NA,NA,NA,0,0,0,0,0,0,0
"sub-0173","ses-01",27.5,"Female","PS","MOTIVE",0.069553,0.055406,-0.002631,0.004173,-0.01188,-0.059417,-0.012038,0.029255,0.002927,-0.045188,0.023253,-0.009681,0.062063,0.02145,-0.04897,0.00275,-0.107777539,0.519791294,-0.299606943,0.137849715,-0.321885615,0,0,0,0,0,0,0
"sub-0174","ses-01",14.93,"Male","PS","EF",0.106211,0.103714,0.01391,0.023219,0.018909,0.01646,0.036716,0.08014,0.05661,0.018665,0.064336,0.02735,0.102897,0.074675,0.018549,0.031448,1.04653155,1.545073949,0.509790829,1.250951582,1.397927977,NA,NA,NA,NA,NA,NA,NA
"sub-0175","ses-01",15.92,"Female","PS","EF",0.076296,0.073509,-0.009263,-0.007244,-0.0181,-0.024669,0.002229,0.043827,0.020516,-0.012049,0.046611,-0.006625,0.073605,0.037244,-0.015404,-0.00181,0.317108672,0.059014638,-0.030194772,-0.007981441,0.555265301,0,0,0,0,0,0,0
"sub-0175","ses-02",17.95,"Female","PS","EF",0.083987,0.079253,-0.009127,-0.002808,-0.01554,-0.023907,0.004649,0.057224,0.03162,-0.009461,0.049978,0.004245,0.080387,0.049736,-0.013301,0.002236,0.144433241,0.400775523,-1.059070562,-0.001145605,0.680572575,0,0,0,0,0,0,0
"sub-0176","ses-01",24.75,"Female","PS","MOTIVE",0.114543,0.115084,-0.001758,0.023978,0.012856,0.010018,0.027353,0.121486,0.070474,0.018609,0.061562,0.067811,0.111594,0.106218,0.016325,0.03094,0.615366233,1.553809051,-0.047613663,-0.628903158,1.295612863,0,0,0,0,0,0,0
"sub-0177","ses-01",24.1,"Male","TD","MOTIVE",0.082736,0.080544,-0.000317,0.020611,0.00431,-0.001353,0.011788,0.062665,0.039723,-0.007229,0.073156,0.010549,0.081433,0.055798,-0.005667,0.020034,0.728390151,1.028611014,0.296119107,1.143856827,-0.079318324,0,0,0,0,0,0,0
"sub-0178","ses-01",20,"Male","TD","MOTIVE",0.08835,0.083776,-0.018629,0.010039,-0.005216,-0.008745,0.014923,0.078154,0.043877,-0.009774,0.042174,0.016664,0.084084,0.067895,-0.009622,0.012402,1.571883466,1.331063938,1.786014862,1.312474101,1.63934566,0,0,0,0,0,0,0
"sub-0178","ses-02",21.9166666666667,"Male","TD","MOTIVE",0.093594,0.087104,-0.010918,0.024024,0.005837,-0.013215,0.041429,0.089218,0.055133,0.004454,0.063147,0.039554,0.089614,0.080432,-0.000266,0.024383,1.863861921,1.482836343,1.892850723,1.50729541,2.21300006,0,0,0,0,0,0,0
"sub-0179","ses-01",15.81,"Male","TD","EF",0.143055,0.14952,0.009526,0.023868,0.018217,0.009879,0.034882,0.125966,0.068291,0.014636,0.088891,0.066035,0.142027,0.109475,0.013372,0.036899,1.305021437,1.164005103,1.559569287,0.517238581,0.950730459,NA,NA,NA,NA,NA,NA,NA
"sub-0179","ses-02",17.8,"Male","TD","EF",0.15495,0.151406,0.002345,0.025349,0.021208,0.010347,0.035318,0.133155,0.097474,0.021967,0.093638,0.072165,0.150135,0.123344,0.019369,0.039925,1.503859812,1.488295782,1.931172282,1.493623739,1.089833029,NA,NA,NA,NA,NA,NA,NA
"sub-0179","ses-03",19.5,"Male","TD","EF",0.153678,0.157524,0.006132,0.024774,0.018254,-0.003048,0.034032,0.151218,0.088209,0.009299,0.110146,0.09307,0.152398,0.135216,0.006094,0.039281,1.514324989,0.871379169,2.076329701,1.151831968,2.103787299,NA,NA,NA,NA,NA,NA,NA
"sub-0180","ses-01",26,"Female","PS","MOTIVE",0.079703,0.083411,-0.011089,0.005107,-0.008069,-0.01158,0.006135,0.077341,0.043724,-0.003096,0.04785,0.016966,0.079066,0.069481,-0.005954,0.008963,-0.374639567,0.614785534,-0.789658392,-1.528954821,-0.812768238,1,0,1,0,0,0,0
"sub-0180","ses-02",28.0833333333333,"Female","PS","MOTIVE",0.076752,0.068894,-0.0079,0.005347,-0.008802,0.006128,0.02533,0.095708,0.057424,0.005636,0.053398,0.02071,0.072731,0.085453,0.005841,0.009354,0.651994355,1.13015658,0.572498834,0.006829536,0.296603497,1,0,1,0,0,0,0
"sub-0181","ses-01",13.02,"Female","PS","EF",0.096541,0.089357,-0.016277,-0.000416,-0.010314,-0.001464,0.019065,0.061617,0.03792,0.007958,0.052252,-0.00086,0.091509,0.055304,0.005453,0.006867,0.01885111,-0.248897725,-1.179841536,-0.01367797,0.527674709,NA,NA,NA,NA,NA,NA,NA
"sub-0182","ses-01",13.84,"Male","TD","EF",0.069199,0.062046,-0.001056,0.000599,-0.013872,-0.008002,-0.0087,0.046542,0.015633,-0.008874,0.058552,-0.005468,0.066166,0.037555,-0.009482,0.002147,1.113508687,0.896492589,1.163579847,0.536606781,1.203644222,NA,NA,NA,NA,NA,NA,NA
"sub-0183","ses-01",24.6666666666667,"Male","TD","MOTIVE",0.138645,0.131422,-0.005642,-0.004374,-0.014789,-0.036462,-0.014394,0.100917,0.028651,-0.024532,0.120334,-0.029594,0.135136,0.079288,-0.027703,0.007788,NA,NA,NA,NA,NA,0,0,0,0,0,0,0
